﻿designator,quantity,value,pack,mpn,mount_type
"C1, C8",2,0.1uF,C_Disc_D4.7mm_W2.5mm_P5.00mm,,tht
C10,1,22uF,CP_Radial_D5.0mm_P2.00mm,,tht
"C11, C14",2,270nF,C_Disc_D4.7mm_W2.5mm_P5.00mm,,tht
"C12, C13",2,560nF,C_Disc_D4.7mm_W2.5mm_P5.00mm,,tht
"C2, C3, C4, C5",4,1uF,C_Disc_D4.7mm_W2.5mm_P5.00mm,,tht
C6,1,22pF,C_Disc_D4.7mm_W2.5mm_P5.00mm,,tht
C7,1,0.22uF,C_Disc_D4.7mm_W2.5mm_P5.00mm,,tht
C9,1,1nF,C_Disc_D4.7mm_W2.5mm_P5.00mm,,tht
D1,1,47v,D_DO-34_SOD68_P7.62mm_Horizontal,,tht
"D2, D3",2,1N4148,D_DO-35_SOD27_P7.62mm_Horizontal,,tht
J1,1,RD16HHF1,PinHeader_1x03_P2.54mm_Vertical,,tht
J2,1,QRPLabs LPF Board,QRPLabs LPF Relay Board,,tht
"J3 - ANT, J4-RX",2,Conn_Coaxial,BNC_TEConnectivity_1478035_Horizontal,,tht
J5,1,Conn_01x10_Pin,PinHeader_1x10_P2.54mm_Vertical,,tht
J6,1,Conn_Coaxial_Power,BarrelJack_Wuerth_6941xx301002,,tht
J7,1,12v,PinHeader_1x02_P2.54mm_Vertical,,tht
L1,1,FT37-43 25t,L_Toroid_Vertical_L10.0mm_W5.0mm_P5.08mm,,tht
L2,1,10t Trifilar FT50-43,L_Trifilar_FT50_43,,tht
"L3, L5",2,19t T37-6,L_Toroid_Vertical_L10.0mm_W5.0mm_P5.08mm,,tht
L4,1,20t T37-6,L_Toroid_Vertical_L10.0mm_W5.0mm_P5.08mm,,tht
"Q1, Q2",2,BS170,TO-92_Inline,,tht
Q3,1,IRF510,TO-220-3_Vertical,,tht
Q4,1,2N3906,TO-92_Inline,,tht
Q5,1,2N3904,TO-92_Inline,,tht
R1,1,4k7,R_Axial_DIN0207_L6.3mm_D2.5mm_P7.62mm_Horizontal,,tht
R2,1,3k3,R_Axial_DIN0207_L6.3mm_D2.5mm_P7.62mm_Horizontal,,tht
R3,1,10,R_Axial_DIN0207_L6.3mm_D2.5mm_P7.62mm_Horizontal,,tht
R4,1,22K,R_Axial_DIN0207_L6.3mm_D2.5mm_P7.62mm_Horizontal,,tht
R5,1,1k,R_Axial_DIN0207_L6.3mm_D2.5mm_P7.62mm_Horizontal,,tht
"R6, R7",2,10k,R_Axial_DIN0207_L6.3mm_D2.5mm_P7.62mm_Horizontal,,tht
"RV1, RV2",2,5k,Potentiometer_Bourns_3296W_Vertical,,tht
U1,1,LM7805_TO220,TO-220-3_Vertical,,tht
