﻿pos_x,pos_y,rotation,side,designator,mpn,pack,value,mount_type,place
143.19,-103.01,180.0,top,C1,,C_Disc_D4.7mm_W2.5mm_P5.00mm,0.1uF,tht,True
105.58,-81.45,180.0,top,C10,,CP_Radial_D5.0mm_P2.00mm,22uF,tht,True
181.68,-63.09,0.0,top,C11,,C_Disc_D4.7mm_W2.5mm_P5.00mm,270nF,tht,True
181.43,-79.87,0.0,top,C12,,C_Disc_D4.7mm_W2.5mm_P5.00mm,560nF,tht,True
181.37,-95.6,0.0,top,C13,,C_Disc_D4.7mm_W2.5mm_P5.00mm,560nF,tht,True
181.83,-111.27,0.0,top,C14,,C_Disc_D4.7mm_W2.5mm_P5.00mm,270nF,tht,True
139.18,-75.63,0.0,top,C2,,C_Disc_D4.7mm_W2.5mm_P5.00mm,1uF,tht,True
196.61,-55.77,-90.0,top,C3,,C_Disc_D4.7mm_W2.5mm_P5.00mm,1uF,tht,True
151.65,-60.81,-90.0,top,C4,,C_Disc_D4.7mm_W2.5mm_P5.00mm,1uF,tht,True
112.02,-102.62,-90.0,top,C5,,C_Disc_D4.7mm_W2.5mm_P5.00mm,1uF,tht,True
151.57,-52.67,-90.0,top,C6,,C_Disc_D4.7mm_W2.5mm_P5.00mm,22pF,tht,True
121.75,-71.81,0.0,top,C7,,C_Disc_D4.7mm_W2.5mm_P5.00mm,0.22uF,tht,True
121.05,-66.06,0.0,top,C8,,C_Disc_D4.7mm_W2.5mm_P5.00mm,0.1uF,tht,True
201.09,-55.86,-90.0,top,C9,,C_Disc_D4.7mm_W2.5mm_P5.00mm,1nF,tht,True
136.51,-63.685,-90.0,top,D1,,D_DO-34_SOD68_P7.62mm_Horizontal,47v,tht,True
197.82,-83.26,0.0,top,D2,,D_DO-35_SOD27_P7.62mm_Horizontal,1N4148,tht,True
205.44,-88.29,180.0,top,D3,,D_DO-35_SOD27_P7.62mm_Horizontal,1N4148,tht,True
141.85,-53.1,90.0,top,J1,,PinHeader_1x03_P2.54mm_Vertical,RD16HHF1,tht,True
192.86,-52.25,-90.0,top,J2,,QRPLabs LPF Relay Board,QRPLabs LPF Board,tht,True
202.085,-111.49,-90.0,top,J3 - ANT,,BNC_TEConnectivity_1478035_Horizontal,Conn_Coaxial,tht,True
202.085,-70.58,-90.0,top,J4-RX,,BNC_TEConnectivity_1478035_Horizontal,Conn_Coaxial,tht,True
151.37,-70.86,0.0,top,J5,,PinHeader_1x10_P2.54mm_Vertical,Conn_01x10_Pin,tht,True
110.72,-64.05,180.0,top,J6,,BarrelJack_Wuerth_6941xx301002,Conn_Coaxial_Power,tht,True
106.34,-72.48,-90.0,top,J7,,PinHeader_1x02_P2.54mm_Vertical,12v,tht,True
139.18,-83.63,90.0,top,L1,,L_Toroid_Vertical_L10.0mm_W5.0mm_P5.08mm,FT37-43 25t,tht,True
148.4,-56.43,-90.0,top,L2,,L_Trifilar_FT50_43,10t Trifilar FT50-43,tht,True
184.14,-68.89,0.0,top,L3,,L_Toroid_Vertical_L10.0mm_W5.0mm_P5.08mm,19t T37-6,tht,True
184.2,-85.22,0.0,top,L4,,L_Toroid_Vertical_L10.0mm_W5.0mm_P5.08mm,20t T37-6,tht,True
184.09,-101.04,0.0,top,L5,,L_Toroid_Vertical_L10.0mm_W5.0mm_P5.08mm,19t T37-6,tht,True
143.18,-93.92,-90.0,top,Q1,,TO-92_Inline,BS170,tht,True
205.5,-57.87,-90.0,top,Q2,,TO-92_Inline,BS170,tht,True
131.51,-53.39,0.0,top,Q3,,TO-220-3_Vertical,IRF510,tht,True
126.96,-88.78,180.0,top,Q4,,TO-92_Inline,2N3906,tht,True
106.3,-98.62,90.0,top,Q5,,TO-92_Inline,2N3904,tht,True
133.81,-102.93,90.0,top,R1,,R_Axial_DIN0207_L6.3mm_D2.5mm_P7.62mm_Horizontal,4k7,tht,True
116.7,-102.85,0.0,top,R2,,R_Axial_DIN0207_L6.3mm_D2.5mm_P7.62mm_Horizontal,3k3,tht,True
131.74,-68.18,-90.0,top,R3,,R_Axial_DIN0207_L6.3mm_D2.5mm_P7.62mm_Horizontal,10,tht,True
112.81,-77.41,0.0,top,R4,,R_Axial_DIN0207_L6.3mm_D2.5mm_P7.62mm_Horizontal,22K,tht,True
110.36,-89.96,180.0,top,R5,,R_Axial_DIN0207_L6.3mm_D2.5mm_P7.62mm_Horizontal,1k,tht,True
116.26,-82.68,0.0,top,R6,,R_Axial_DIN0207_L6.3mm_D2.5mm_P7.62mm_Horizontal,10k,tht,True
195.79,-52.52,0.0,top,R7,,R_Axial_DIN0207_L6.3mm_D2.5mm_P7.62mm_Horizontal,10k,tht,True
127.73,-108.43,90.0,top,RV1,,Potentiometer_Bourns_3296W_Vertical,5k,tht,True
118.96,-108.51,90.0,top,RV2,,Potentiometer_Bourns_3296W_Vertical,5k,tht,True
119.25,-53.43,0.0,top,U1,,TO-220-3_Vertical,LM7805_TO220,tht,True
